NC_007113.7	33276062	33276596	1-2ss_peak_3	561	.	21.2286	65.2724	56.183	217
NC_007127.7	7514971	7515391	1-2ss_peak_26	431	.	18.3517	50.1931	43.1796	197
NC_007117.7	32206548	32206898	1-2ss_peak_11	306	.	8.41677	37.2941	30.6517	216
NC_007115.7	24985734	24985998	1-2ss_peak_6	196	.	11.0145	26.0538	19.6907	105
NC_007132.7	43198481	43198771	1-2ss_peak_31	163	.	8.88315	22.6804	16.3879	116
NC_007129.7	44276036	44276277	1-2ss_peak_28	153	.	9.80542	21.6301	15.3616	110
NC_007135.7	4487327	4487612	1-2ss_peak_36	150	.	9.01274	21.3055	15.0579	147
NC_007134.7	29069326	29069544	1-2ss_peak_34	145	.	8.70767	20.7384	14.5072	91
NC_007123.7	43641530	43641795	1-2ss_peak_22	142	.	8.31004	20.5018	14.2791	92
NC_007116.7	824953	825165	1-2ss_peak_7	127	.	5.99576	18.9189	12.7976	95
