NC_007126.7	35583506	35583991	14ss_peak_74	3214	.	24.9995	330.35	321.453	230
NC_007114.7	14914162	14914708	14ss_peak_9	2804	.	34.6699	287.998	280.494	304
NC_007112.7	52006311	52006785	14ss_peak_4	1523	.	17.8532	159.07	152.393	213
NW_003336809.1	1264	1906	14ss_peak_149	1480	.	2.99794	154.712	148.07	206
NW_003336809.1	684	949	14ss_peak_148	1152	.	3.34538	121.64	115.225	201
NC_007129.7	46370033	46370416	14ss_peak_96	935	.	15.2699	99.8794	93.5617	153
NW_003336678.1	17930	18156	14ss_peak_140	801	.	3.8773	86.3815	80.1415	43
NC_007129.7	44275947	44276326	14ss_peak_95	586	.	12.9962	64.7909	58.6621	196
NC_007115.7	24985710	24985968	14ss_peak_11	451	.	8.89114	51.1718	45.1445	121
NC_007134.7	35840142	35840449	14ss_peak_108	431	.	8.67428	49.1783	43.1735	175
