NC_007113.7	33276014	33276551	75ep_peak_2	1000	.	21.7013	109.261	100.05	250
NC_007115.7	24985705	24986018	75ep_peak_7	913	.	17.5995	98.7489	91.316	121
NC_007117.7	32206595	32206920	75ep_peak_10	590	.	6.56514	65.8648	59.0704	161
NC_007113.7	55663601	55663948	75ep_peak_3	537	.	11.611	60.4356	53.7724	137
NC_007127.7	7514954	7515335	75ep_peak_23	469	.	11.2879	53.4818	46.9143	151
NC_007115.7	17823395	17823709	75ep_peak_6	316	.	8.60073	37.8856	31.6151	163
NC_007114.7	14914294	14914628	75ep_peak_4	306	.	13.8159	36.9118	30.6693	163
NC_007131.7	9427912	9428181	75ep_peak_28	287	.	10.2493	34.8713	28.7145	158
NC_007128.7	29024873	29025199	75ep_peak_25	275	.	7.3427	33.6443	27.5164	159
NC_007123.7	43641492	43641809	75ep_peak_18	215	.	6.08544	27.5885	21.5723	152
