contamination_level,day_after_contamination,Class,relative_abundance
k0,d180,ABY1,0.0
k0,d180,Abditibacteria,0.0
k0,d180,Acidimicrobiia_401430,0.009109373965809782
k0,d180,Acidobacteriae,0.45252048315271926
k0,d180,Actinomycetia,0.04163200043982237
k0,d180,Alphaproteobacteria,0.14780351494300425
k0,d180,Anaerolineae,0.0017881295605529765
k0,d180,Armatimonadia,0.0010187335153915222
k0,d180,Babeliae,4.0738175744490164e-05
k0,d180,Bacilli,0.0009425832233455689
k0,d180,Bacteroidia,0.01868991024895951
k0,d180,Bdellovibrionia_A_470743,0.0006431347678857261
k0,d180,Binatia,0.010618985586573372
k0,d180,Blastocatellia,0.010564060785902852
k0,d180,Brocadiae,5.431756765932022e-05
k0,d180,Chlamydiia,0.0
k0,d180,Chloroflexia,0.0015354353485739346
k0,d180,Chthonomonadetes,0.0004082721411207798
k0,d180,Clostridia_258483,9.889705018906033e-05
k0,d180,Cyanobacteriia,0.0
k0,d180,Dehalococcoidia,0.0011646307953136982
k0,d180,Desulfitobacteriia,0.0
k0,d180,Desulfuromonadia,0.00014385363340339364
k0,d180,Dormibacteria,0.002469405031677819
k0,d180,Doudnabacteria,0.0
k0,d180,Elusimicrobia_984204,0.0017004148051559663
k0,d180,Elusimicrobia_984208,5.761687349827609e-05
k0,d180,Eremiobacteria,0.007184211719703042
k0,d180,FAC87,0.0
k0,d180,Gammaproteobacteria,0.08771640762871524
k0,d180,Gemmatimonadetes,0.035374630916244244
k0,d180,Holophagae,7.357646962117475e-05
k0,d180,Ktedonobacteria,0.01588407074910117
k0,d180,Limnocylindria,0.011481913768777025
k0,d180,Methylomirabilia,0.004460078965276226
k0,d180,Microgenomatia,0.0
k0,d180,Myxococcia,0.002135662247638523
k0,d180,Negativicutes,0.0
k0,d180,Nitrospiria,7.357646962117475e-05
k0,d180,Paceibacteria,0.0
k0,d180,Phycisphaerae,0.0076648587284519
k0,d180,Planctomycetia,0.017155664027035906
k0,d180,Polyangia_437813,0.000571578294702738
k0,d180,Polyangia_463783,0.009342984311837497
k0,d180,RBG-16-71-46,0.0009372689889428397
k0,d180,Saccharimonadia,0.002003339291756764
k0,d180,Thermoanaerobaculia,0.01280503794122094
k0,d180,Thermoleophilia,0.05318324186350425
k0,d180,UBA1135,0.0
k0,d180,UBA4151,8.184162713327567e-05
k0,d180,UBA4738_401450,0.00031100785093648623
k0,d180,UBA6911,0.0
k0,d180,UBA796,0.0
k0,d180,UBA8108,0.0
k0,d180,Unclassified,0.007599862013242986
k0,d180,Vampirovibrionia,0.0003768949498212766
k0,d180,Verrucomicrobiae,0.003224228904771295
k0,d180,Vicinamibacteria,0.017353570659640122
k0,d180,Xenobia,0.0
k0,d3,ABY1,3.65737692926633e-05
k0,d3,Abditibacteria,0.0
k0,d3,Acidimicrobiia_401430,0.028164987314352987
k0,d3,Acidobacteriae,0.19042753868820658
k0,d3,Actinomycetia,0.10513088545838968
k0,d3,Alphaproteobacteria,0.16666534967288746
k0,d3,Anaerolineae,0.004446216783247123
k0,d3,Armatimonadia,0.0002266553513049159
k0,d3,Babeliae,0.0
k0,d3,Bacilli,0.0005631582015142011
k0,d3,Bacteroidia,0.05333291410119941
k0,d3,Bdellovibrionia_A_470743,0.0011867573003371
k0,d3,Binatia,0.004792660727037622
k0,d3,Blastocatellia,0.009139177002756708
k0,d3,Brocadiae,6.543003893087316e-05
k0,d3,Chlamydiia,0.0
k0,d3,Chloroflexia,0.0018403430605931574
k0,d3,Chthonomonadetes,0.0007660354261663254
k0,d3,Clostridia_258483,0.00010573636702438385
k0,d3,Cyanobacteriia,0.0
k0,d3,Dehalococcoidia,0.0015924227482781057
k0,d3,Desulfitobacteriia,0.0
k0,d3,Desulfuromonadia,0.00013086007786174632
k0,d3,Dormibacteria,0.0012748350741258161
k0,d3,Doudnabacteria,0.0
k0,d3,Elusimicrobia_984204,0.0034463132702269457
k0,d3,Elusimicrobia_984208,0.0004305367767256095
k0,d3,Eremiobacteria,0.002712866672499677
k0,d3,FAC87,0.0
k0,d3,Gammaproteobacteria,0.0968359137845179
k0,d3,Gemmatimonadetes,0.03392140816989737
k0,d3,Holophagae,0.0002557640029958844
k0,d3,Ktedonobacteria,0.01899989759237997
k0,d3,Limnocylindria,0.0192763646531379
k0,d3,Methylomirabilia,0.002005048549715289
k0,d3,Microgenomatia,0.0
k0,d3,Myxococcia,0.0018478081781948521
k0,d3,Negativicutes,0.0
k0,d3,Nitrospiria,0.00020388142542069362
k0,d3,Paceibacteria,0.007651155692203346
k0,d3,Phycisphaerae,0.012408577579247944
k0,d3,Planctomycetia,0.05202997321586076
k0,d3,Polyangia_437813,0.0022660168867229707
k0,d3,Polyangia_463783,0.023343927237234607
k0,d3,RBG-16-71-46,0.0009118257392314613
k0,d3,Saccharimonadia,0.003135060321881402
k0,d3,Thermoanaerobaculia,0.00894028471895819
k0,d3,Thermoleophilia,0.07422066316293006
k0,d3,UBA1135,0.0
k0,d3,UBA4151,3.271501946543658e-05
k0,d3,UBA4738_401450,0.0019107622411462055
k0,d3,UBA6911,0.0002114727340487677
k0,d3,UBA796,0.0
k0,d3,UBA8108,7.31475385853266e-05
k0,d3,Unclassified,0.014235877942590937
k0,d3,Vampirovibrionia,0.0009736494103878664
k0,d3,Verrucomicrobiae,0.0199055094693886
k0,d3,Vicinamibacteria,0.027925040850897188
k0,d3,Xenobia,0.0
k0,d360,ABY1,0.0
k0,d360,Abditibacteria,0.0
k0,d360,Acidimicrobiia_401430,0.007207014906489843
k0,d360,Acidobacteriae,0.4788098605533501
k0,d360,Actinomycetia,0.04841377556836842
k0,d360,Alphaproteobacteria,0.16296220532706432
k0,d360,Anaerolineae,0.0009557448032338009
k0,d360,Armatimonadia,0.0009589925840379976
k0,d360,Babeliae,0.00011119759813188036
k0,d360,Bacilli,0.0028754511809000204
k0,d360,Bacteroidia,0.02866379797069193
k0,d360,Bdellovibrionia_A_470743,0.0005545158383586331
k0,d360,Binatia,0.011753049014709185
k0,d360,Blastocatellia,0.009211353884944417
k0,d360,Brocadiae,0.0
k0,d360,Chlamydiia,0.0
k0,d360,Chloroflexia,0.0016673466651534075
k0,d360,Chthonomonadetes,0.0
k0,d360,Clostridia_258483,0.0018592688761697271
k0,d360,Cyanobacteriia,0.0
k0,d360,Dehalococcoidia,0.0009299917510913255
k0,d360,Desulfitobacteriia,0.00018532933021980056
k0,d360,Desulfuromonadia,0.000892968785322287
k0,d360,Dormibacteria,0.0008333432290268441
k0,d360,Doudnabacteria,0.0
k0,d360,Elusimicrobia_984204,0.0015078248059892864
k0,d360,Elusimicrobia_984208,0.0
k0,d360,Eremiobacteria,0.005928221077835759
k0,d360,FAC87,0.0
k0,d360,Gammaproteobacteria,0.06419620914554504
k0,d360,Gemmatimonadetes,0.02194879180493702
k0,d360,Holophagae,6.931447979482913e-05
k0,d360,Ktedonobacteria,0.026159969133533887
k0,d360,Limnocylindria,0.0061408300314120074
k0,d360,Methylomirabilia,0.0021791130210607364
k0,d360,Microgenomatia,0.0
k0,d360,Myxococcia,0.0022839238954106313
k0,d360,Negativicutes,0.0
k0,d360,Nitrospiria,3.7065866043960116e-05
k0,d360,Paceibacteria,0.00025946106230772083
k0,d360,Phycisphaerae,0.00942005485061675
k0,d360,Planctomycetia,0.021913643796918934
k0,d360,Polyangia_437813,0.0005883339235983966
k0,d360,Polyangia_463783,0.007767105523429412
k0,d360,RBG-16-71-46,0.0006334104038264405
k0,d360,Saccharimonadia,0.0013329419255567172
k0,d360,Thermoanaerobaculia,0.006741948921212656
k0,d360,Thermoleophilia,0.03472723697057353
k0,d360,UBA1135,0.0
k0,d360,UBA4151,6.850253459377997e-05
k0,d360,UBA4738_401450,0.0002740101383751199
k0,d360,UBA6911,0.0
k0,d360,UBA796,0.0
k0,d360,UBA8108,0.0
k0,d360,Unclassified,0.00604009040170564
k0,d360,Vampirovibrionia,0.0
k0,d360,Verrucomicrobiae,0.008287554219258827
k0,d360,Vicinamibacteria,0.01264923419919903
k0,d360,Xenobia,0.0
k0,d90,ABY1,3.279982210396008e-05
k0,d90,Abditibacteria,4.569646011030413e-05
k0,d90,Acidimicrobiia_401430,0.012193968391835015
k0,d90,Acidobacteriae,0.37192044842213345
k0,d90,Actinomycetia,0.08154318717242083
k0,d90,Alphaproteobacteria,0.15016190677295993
k0,d90,Anaerolineae,0.002792875120371649
k0,d90,Armatimonadia,0.0005532693659096203
k0,d90,Babeliae,0.00012196655761172088
k0,d90,Bacilli,0.0009177351756304144
k0,d90,Bacteroidia,0.039113121960991024
k0,d90,Bdellovibrionia_A_470743,0.00015902224039619255
k0,d90,Binatia,0.008076442564353194
k0,d90,Blastocatellia,0.010863465165700541
k0,d90,Brocadiae,0.0
k0,d90,Chlamydiia,0.0
k0,d90,Chloroflexia,0.0015369331728111496
k0,d90,Chthonomonadetes,0.0007635828976581815
k0,d90,Clostridia_258483,4.199739438562068e-05
k0,d90,Cyanobacteriia,2.2717462913741793e-05
k0,d90,Dehalococcoidia,0.001018587202415504
k0,d90,Desulfitobacteriia,0.0
k0,d90,Desulfuromonadia,0.0002840347440916814
k0,d90,Dormibacteria,0.0010506322886861808
k0,d90,Doudnabacteria,0.000190445506173404
k0,d90,Elusimicrobia_984204,0.002834254553638813
k0,d90,Elusimicrobia_984208,0.00020258884047873657
k0,d90,Eremiobacteria,0.004488583428811314
k0,d90,FAC87,5.028031274354527e-05
k0,d90,Gammaproteobacteria,0.08897373868139082
k0,d90,Gemmatimonadetes,0.030569628031755326
k0,d90,Holophagae,3.803679437811669e-05
k0,d90,Ktedonobacteria,0.0161867585405885
k0,d90,Limnocylindria,0.009397681747661674
k0,d90,Methylomirabilia,0.0030115688902736873
k0,d90,Microgenomatia,1.5319331464374896e-05
k0,d90,Myxococcia,0.001322093095216967
k0,d90,Negativicutes,0.0
k0,d90,Nitrospiria,0.0003391252852288295
k0,d90,Paceibacteria,0.0001447842045855587
k0,d90,Phycisphaerae,0.008174810731517624
k0,d90,Planctomycetia,0.03173780339340667
k0,d90,Polyangia_437813,0.001742502933836017
k0,d90,Polyangia_463783,0.013683983174792283
k0,d90,RBG-16-71-46,0.0008486667008331814
k0,d90,Saccharimonadia,0.0020093784556012902
k0,d90,Thermoanaerobaculia,0.009066632276156597
k0,d90,Thermoleophilia,0.04752442160071931
k0,d90,UBA1135,0.0
k0,d90,UBA4151,7.816972239380647e-05
k0,d90,UBA4738_401450,0.0004604074240521848
k0,d90,UBA6911,6.834889748640873e-05
k0,d90,UBA796,0.0
k0,d90,UBA8108,1.5319331464374896e-05
k0,d90,Unclassified,0.008129820851335274
k0,d90,Vampirovibrionia,0.0009027072454640385
k0,d90,Verrucomicrobiae,0.007081477345656842
k0,d90,Vicinamibacteria,0.027415353339732162
k0,d90,Xenobia,8.091897567229506e-05
k25,d180,ABY1,0.0
k25,d180,Abditibacteria,0.0
k25,d180,Acidimicrobiia_401430,0.01798442561244744
k25,d180,Acidobacteriae,0.05893674927162145
k25,d180,Actinomycetia,0.029428850113101982
k25,d180,Alphaproteobacteria,0.0797051681501728
k25,d180,Anaerolineae,8.361213125832548e-05
k25,d180,Armatimonadia,1.9528580076942606e-05
k25,d180,Babeliae,3.1461381154632686e-05
k25,d180,Bacilli,0.006344333543577357
k25,d180,Bacteroidia,0.005427286144516822
k25,d180,Bdellovibrionia_A_470743,0.0005745635579331945
k25,d180,Binatia,0.0017112997853203948
k25,d180,Blastocatellia,0.002092451900837323
k25,d180,Brocadiae,0.0
k25,d180,Chlamydiia,0.0
k25,d180,Chloroflexia,0.0007322178589736378
k25,d180,Chthonomonadetes,0.0
k25,d180,Clostridia_258483,0.000400945567146656
k25,d180,Cyanobacteriia,0.0
k25,d180,Dehalococcoidia,0.000346381326110992
k25,d180,Desulfitobacteriia,9.93428218356418e-05
k25,d180,Desulfuromonadia,9.93428218356418e-05
k25,d180,Dormibacteria,0.0015825031157282639
k25,d180,Doudnabacteria,3.905716015388521e-05
k25,d180,Elusimicrobia_984204,0.0005089117818086841
k25,d180,Elusimicrobia_984208,0.00011681469572113439
k25,d180,Eremiobacteria,0.00328988122597729
k25,d180,FAC87,0.0
k25,d180,Gammaproteobacteria,0.6059681317382166
k25,d180,Gemmatimonadetes,0.0200047097018558
k25,d180,Holophagae,0.0
k25,d180,Ktedonobacteria,0.014473651800237165
k25,d180,Limnocylindria,0.011887991889646163
k25,d180,Methylomirabilia,0.0007718141517063345
k25,d180,Microgenomatia,0.0
k25,d180,Myxococcia,0.006546907282759051
k25,d180,Negativicutes,0.0
k25,d180,Nitrospiria,7.109893574457664e-05
k25,d180,Paceibacteria,0.00015622864061554085
k25,d180,Phycisphaerae,0.001175802777014327
k25,d180,Planctomycetia,0.010947283200929156
k25,d180,Polyangia_437813,0.0005908239916160808
k25,d180,Polyangia_463783,0.006000952306593502
k25,d180,RBG-16-71-46,0.0007094305219758802
k25,d180,Saccharimonadia,0.0012416687733611332
k25,d180,Thermoanaerobaculia,0.007335522479264265
k25,d180,Thermoleophilia,0.08291373806214485
k25,d180,UBA1135,0.0
k25,d180,UBA4151,6.524434005350036e-05
k25,d180,UBA4738_401450,0.0014054519311186792
k25,d180,UBA6911,3.2041775590691437e-05
k25,d180,UBA796,0.0
k25,d180,UBA8108,0.0
k25,d180,Unclassified,0.006905934979428774
k25,d180,Vampirovibrionia,0.0006226008956539872
k25,d180,Verrucomicrobiae,0.00435357916460133
k25,d180,Vicinamibacteria,0.0062642621125621615
k25,d180,Xenobia,0.0
k25,d3,ABY1,0.0
k25,d3,Abditibacteria,0.0
k25,d3,Acidimicrobiia_401430,0.03616539132233379
k25,d3,Acidobacteriae,0.1951107997022871
k25,d3,Actinomycetia,0.11151702265588943
k25,d3,Alphaproteobacteria,0.17033805610726793
k25,d3,Anaerolineae,0.0027173647240832464
k25,d3,Armatimonadia,0.0
k25,d3,Babeliae,3.656975681111721e-05
k25,d3,Bacilli,0.0007941275878791436
k25,d3,Bacteroidia,0.04141157697929045
k25,d3,Bdellovibrionia_A_470743,0.0006418397101580469
k25,d3,Binatia,0.006207938566343538
k25,d3,Blastocatellia,0.007829651007369176
k25,d3,Brocadiae,0.00014122797726229565
k25,d3,Chlamydiia,0.0
k25,d3,Chloroflexia,0.001312329166322319
k25,d3,Chthonomonadetes,0.00024714896020901737
k25,d3,Clostridia_258483,0.0005728593179642164
k25,d3,Cyanobacteriia,7.313951362223442e-05
k25,d3,Dehalococcoidia,0.0007853770798005223
k25,d3,Desulfitobacteriia,7.061398863114782e-05
k25,d3,Desulfuromonadia,0.0001493915187882362
k25,d3,Dormibacteria,0.0023282461187283856
k25,d3,Doudnabacteria,0.0
k25,d3,Elusimicrobia_984204,0.00236644947197682
k25,d3,Elusimicrobia_984208,3.656975681111721e-05
k25,d3,Eremiobacteria,0.0036325664448556318
k25,d3,FAC87,0.0
k25,d3,Gammaproteobacteria,0.09263538081186189
k25,d3,Gemmatimonadetes,0.02492814459852816
k25,d3,Holophagae,0.0
k25,d3,Ktedonobacteria,0.018941389913370014
k25,d3,Limnocylindria,0.0221033525982816
k25,d3,Methylomirabilia,0.002085754417110271
k25,d3,Microgenomatia,0.0
k25,d3,Myxococcia,0.0024495134267830377
k25,d3,Negativicutes,0.0
k25,d3,Nitrospiria,0.0004090792745625048
k25,d3,Paceibacteria,0.0010828973548814515
k25,d3,Phycisphaerae,0.007631737902757251
k25,d3,Planctomycetia,0.056272394668899196
k25,d3,Polyangia_437813,0.002371106730567723
k25,d3,Polyangia_463783,0.018197672114193326
k25,d3,RBG-16-71-46,0.0007722513176825903
k25,d3,Saccharimonadia,0.002861118226336629
k25,d3,Thermoanaerobaculia,0.010519501444721016
k25,d3,Thermoleophilia,0.08735111246981776
k25,d3,UBA1135,0.0
k25,d3,UBA4151,0.0
k25,d3,UBA4738_401450,0.001003532858171682
k25,d3,UBA6911,7.62520051660018e-05
k25,d3,UBA796,0.0
k25,d3,UBA8108,0.0
k25,d3,Unclassified,0.01311727093101747
k25,d3,Vampirovibrionia,0.000811933566037475
k25,d3,Verrucomicrobiae,0.015026494817210518
k25,d3,Vicinamibacteria,0.034792711603735295
k25,d3,Xenobia,7.313951362223442e-05
k25,d360,ABY1,0.0
k25,d360,Abditibacteria,0.0
k25,d360,Acidimicrobiia_401430,0.005775676912743358
k25,d360,Acidobacteriae,0.011566057902374333
k25,d360,Actinomycetia,0.00858157899305207
k25,d360,Alphaproteobacteria,0.03441417282819898
k25,d360,Anaerolineae,0.0
k25,d360,Armatimonadia,0.0
k25,d360,Babeliae,0.00018361426315596197
k25,d360,Bacilli,0.0059940966423793025
k25,d360,Bacteroidia,0.0009803238305029069
k25,d360,Bdellovibrionia_A_470743,0.0002867711139797982
k25,d360,Binatia,0.0002194502053195006
k25,d360,Blastocatellia,0.0006093781701231351
k25,d360,Brocadiae,0.0
k25,d360,Chlamydiia,0.0
k25,d360,Chloroflexia,0.0001049097775912715
k25,d360,Chthonomonadetes,0.0
k25,d360,Clostridia_258483,0.0009047026374071321
k25,d360,Cyanobacteriia,0.0
k25,d360,Dehalococcoidia,0.0
k25,d360,Desulfitobacteriia,0.00011147802942718551
k25,d360,Desulfuromonadia,0.0
k25,d360,Dormibacteria,7.475517679599313e-05
k25,d360,Doudnabacteria,7.169277849494955e-05
k25,d360,Elusimicrobia_984204,3.672285263119239e-05
k25,d360,Elusimicrobia_984208,0.0
k25,d360,Eremiobacteria,0.0003305056736807315
k25,d360,FAC87,0.0
k25,d360,Gammaproteobacteria,0.8752806244568232
k25,d360,Gemmatimonadetes,0.0038909503348512433
k25,d360,Holophagae,0.0
k25,d360,Ktedonobacteria,0.0060003650041972915
k25,d360,Limnocylindria,0.0037219256121166205
k25,d360,Methylomirabilia,0.00014754614629157374
k25,d360,Microgenomatia,0.0
k25,d360,Myxococcia,0.0023868550232068134
k25,d360,Negativicutes,0.0
k25,d360,Nitrospiria,0.0
k25,d360,Paceibacteria,0.0
k25,d360,Phycisphaerae,7.344570526238477e-05
k25,d360,Planctomycetia,0.002197791593383441
k25,d360,Polyangia_437813,0.00011016855789357717
k25,d360,Polyangia_463783,0.0027241611234243087
k25,d360,RBG-16-71-46,3.7377588397996563e-05
k25,d360,Saccharimonadia,0.00032195232037653267
k25,d360,Thermoanaerobaculia,0.0018201132217839807
k25,d360,Thermoleophilia,0.025935078157804364
k25,d360,UBA1135,0.0
k25,d360,UBA4151,0.0
k25,d360,UBA4738_401450,0.0
k25,d360,UBA6911,0.0
k25,d360,UBA796,0.0
k25,d360,UBA8108,0.0
k25,d360,Unclassified,0.00198860587979983
k25,d360,Vampirovibrionia,6.993985172751433e-05
k25,d360,Verrucomicrobiae,0.0016384840600963035
k25,d360,Vicinamibacteria,0.001408727574705169
k25,d360,Xenobia,0.0
k25,d90,ABY1,4.14708746222422e-05
k25,d90,Abditibacteria,0.0
k25,d90,Acidimicrobiia_401430,0.01932081701739709
k25,d90,Acidobacteriae,0.21775476048392436
k25,d90,Actinomycetia,0.06072149452380316
k25,d90,Alphaproteobacteria,0.13012115766305613
k25,d90,Anaerolineae,0.0010233479747018305
k25,d90,Armatimonadia,7.707326710301691e-05
k25,d90,Babeliae,9.884073932873018e-05
k25,d90,Bacilli,0.009282061613490687
k25,d90,Bacteroidia,0.005951149598426309
k25,d90,Bdellovibrionia_A_470743,0.0008701633108544237
k25,d90,Binatia,0.005289061578610921
k25,d90,Blastocatellia,0.005970109061096633
k25,d90,Brocadiae,6.0700520026495096e-05
k25,d90,Chlamydiia,0.0
k25,d90,Chloroflexia,0.0010463239606667424
k25,d90,Chthonomonadetes,5.6480422473560104e-05
k25,d90,Clostridia_258483,0.0016939693113279565
k25,d90,Cyanobacteriia,0.0
k25,d90,Dehalococcoidia,0.000705701083342283
k25,d90,Desulfitobacteriia,0.0
k25,d90,Desulfuromonadia,8.472063371034016e-05
k25,d90,Dormibacteria,0.0011621658895502758
k25,d90,Doudnabacteria,0.0002373734688138468
k25,d90,Elusimicrobia_984204,0.00042931696520716295
k25,d90,Elusimicrobia_984208,5.197513955729653e-05
k25,d90,Eremiobacteria,0.00481209135852857
k25,d90,FAC87,8.307224912180765e-05
k25,d90,Gammaproteobacteria,0.3229716866929885
k25,d90,Gemmatimonadetes,0.027330839529059677
k25,d90,Holophagae,0.0
k25,d90,Ktedonobacteria,0.018308142478190743
k25,d90,Limnocylindria,0.011946605500669144
k25,d90,Methylomirabilia,0.0020032719750606907
k25,d90,Microgenomatia,0.0
k25,d90,Myxococcia,0.003977782256930285
k25,d90,Negativicutes,0.0
k25,d90,Nitrospiria,6.384260371755477e-05
k25,d90,Paceibacteria,0.0
k25,d90,Phycisphaerae,0.0014686800734964875
k25,d90,Planctomycetia,0.024906504411189006
k25,d90,Polyangia_437813,0.0004290898515954585
k25,d90,Polyangia_463783,0.005813729286500987
k25,d90,RBG-16-71-46,0.001099758913183624
k25,d90,Saccharimonadia,0.00187272986929785
k25,d90,Thermoanaerobaculia,0.011913115031679938
k25,d90,Thermoleophilia,0.07386467595704888
k25,d90,UBA1135,0.0
k25,d90,UBA4151,1.3230663385462149e-05
k25,d90,UBA4738_401450,0.0012366047160974512
k25,d90,UBA6911,1.1867464160258237e-05
k25,d90,UBA796,0.0
k25,d90,UBA8108,0.0
k25,d90,Unclassified,0.007577747767408126
k25,d90,Vampirovibrionia,0.0010884232777672658
k25,d90,Verrucomicrobiae,0.004787200814825687
k25,d90,Vicinamibacteria,0.010369072157005083
k25,d90,Xenobia,0.0
k5,d180,ABY1,0.0
k5,d180,Abditibacteria,0.0
k5,d180,Acidimicrobiia_401430,0.006652693504353162
k5,d180,Acidobacteriae,0.20468823545066148
k5,d180,Actinomycetia,0.057593328222066524
k5,d180,Alphaproteobacteria,0.11894113334765988
k5,d180,Anaerolineae,0.0002683810240675544
k5,d180,Armatimonadia,0.0
k5,d180,Babeliae,0.0
k5,d180,Bacilli,0.004200524212769821
k5,d180,Bacteroidia,0.0017190635478147316
k5,d180,Bdellovibrionia_A_470743,0.0
k5,d180,Binatia,0.009131004880214382
k5,d180,Blastocatellia,0.0008689065540970984
k5,d180,Brocadiae,2.4266249287178927e-05
k5,d180,Chlamydiia,0.0
k5,d180,Chloroflexia,0.001161502107540587
k5,d180,Chthonomonadetes,0.0
k5,d180,Clostridia_258483,0.01125549978908249
k5,d180,Cyanobacteriia,0.0
k5,d180,Dehalococcoidia,9.297891841523967e-05
k5,d180,Desulfitobacteriia,0.0006841539441609584
k5,d180,Desulfuromonadia,4.5529703277812584e-05
k5,d180,Dormibacteria,0.0001805931395570704
k5,d180,Doudnabacteria,1.4815473280293938e-05
k5,d180,Elusimicrobia_984204,0.0002840327257705321
k5,d180,Elusimicrobia_984208,0.0
k5,d180,Eremiobacteria,0.0011156820057798295
k5,d180,FAC87,0.0
k5,d180,Gammaproteobacteria,0.46482797788560487
k5,d180,Gemmatimonadetes,0.009399597702776171
k5,d180,Holophagae,0.0
k5,d180,Ktedonobacteria,0.03326319691254833
k5,d180,Limnocylindria,0.004992808330821642
k5,d180,Methylomirabilia,0.0005051113179918469
k5,d180,Microgenomatia,0.0
k5,d180,Myxococcia,0.003465054021818998
k5,d180,Negativicutes,0.00032594041216646663
k5,d180,Nitrospiria,0.0
k5,d180,Paceibacteria,0.0
k5,d180,Phycisphaerae,0.0004713209010521893
k5,d180,Planctomycetia,0.008373174077556467
k5,d180,Polyangia_437813,0.00020370271376172482
k5,d180,Polyangia_463783,0.002820168758885967
k5,d180,RBG-16-71-46,0.0002668553505133745
k5,d180,Saccharimonadia,0.0010561947293787556
k5,d180,Thermoanaerobaculia,0.004516772002258273
k5,d180,Thermoleophilia,0.03532036530492482
k5,d180,UBA1135,0.0
k5,d180,UBA4151,0.0
k5,d180,UBA4738_401450,0.0007104130969533454
k5,d180,UBA6911,0.0
k5,d180,UBA796,0.0
k5,d180,UBA8108,2.9630946560587875e-05
k5,d180,Unclassified,0.004236289652473849
k5,d180,Vampirovibrionia,0.0001786736276974559
k5,d180,Verrucomicrobiae,0.003443106041546122
k5,d180,Vicinamibacteria,0.002671321412852101
k5,d180,Xenobia,0.0
k5,d3,ABY1,2.614994377762088e-05
k5,d3,Abditibacteria,0.0
k5,d3,Acidimicrobiia_401430,0.032539415009690785
k5,d3,Acidobacteriae,0.1809737262521176
k5,d3,Actinomycetia,0.10801120233340795
k5,d3,Alphaproteobacteria,0.16108080455069565
k5,d3,Anaerolineae,0.0033992931578042513
k5,d3,Armatimonadia,0.0002911760175611659
k5,d3,Babeliae,6.762011022077965e-05
k5,d3,Bacilli,0.0009191316944520893
k5,d3,Bacteroidia,0.05590657170741633
k5,d3,Bdellovibrionia_A_470743,0.000808799539101074
k5,d3,Binatia,0.006290806569881832
k5,d3,Blastocatellia,0.009647387682555847
k5,d3,Brocadiae,0.00010143016533116949
k5,d3,Chlamydiia,0.0
k5,d3,Chloroflexia,0.002557568416051842
k5,d3,Chthonomonadetes,0.00010459977511048352
k5,d3,Clostridia_258483,5.229988755524176e-05
k5,d3,Cyanobacteriia,0.0
k5,d3,Dehalococcoidia,0.0014890551035472391
k5,d3,Desulfitobacteriia,2.614994377762088e-05
k5,d3,Desulfuromonadia,5.229988755524176e-05
k5,d3,Dormibacteria,0.002350846502906872
k5,d3,Doudnabacteria,5.229988755524176e-05
k5,d3,Elusimicrobia_984204,0.002861580898904392
k5,d3,Elusimicrobia_984208,0.00028764938155382967
k5,d3,Eremiobacteria,0.0031396424380332154
k5,d3,FAC87,0.0
k5,d3,Gammaproteobacteria,0.10390643508078433
k5,d3,Gemmatimonadetes,0.02694083157654202
k5,d3,Holophagae,2.614994377762088e-05
k5,d3,Ktedonobacteria,0.01885697019408928
k5,d3,Limnocylindria,0.019119499736669793
k5,d3,Methylomirabilia,0.002062568202282218
k5,d3,Microgenomatia,0.0
k5,d3,Myxococcia,0.0015470873713430127
k5,d3,Negativicutes,0.0
k5,d3,Nitrospiria,0.00041426562511650135
k5,d3,Paceibacteria,0.002782780161641664
k5,d3,Phycisphaerae,0.010008740460500853
k5,d3,Planctomycetia,0.04981102626000988
k5,d3,Polyangia_437813,0.0022242302593442
k5,d3,Polyangia_463783,0.025929456373450288
k5,d3,RBG-16-71-46,0.0015768208844623062
k5,d3,Saccharimonadia,0.0036687876533885236
k5,d3,Thermoanaerobaculia,0.010780759334766118
k5,d3,Thermoleophilia,0.07357143055124811
k5,d3,UBA1135,0.00016905027555194914
k5,d3,UBA4151,0.0
k5,d3,UBA4738_401450,0.0018152830549058715
k5,d3,UBA6911,5.229988755524176e-05
k5,d3,UBA796,0.0002163097555699762
k5,d3,UBA8108,0.00012978585334198572
k5,d3,Unclassified,0.016161823052566974
k5,d3,Vampirovibrionia,0.0007551218264373548
k5,d3,Verrucomicrobiae,0.021824165013453883
k5,d3,Vicinamibacteria,0.03261081475463467
k5,d3,Xenobia,0.0
k5,d360,ABY1,0.0
k5,d360,Abditibacteria,0.0
k5,d360,Acidimicrobiia_401430,0.0033326501112677215
k5,d360,Acidobacteriae,0.46066414008926476
k5,d360,Actinomycetia,0.11650147180299109
k5,d360,Alphaproteobacteria,0.11782165489485848
k5,d360,Anaerolineae,0.00010049241282283188
k5,d360,Armatimonadia,0.0
k5,d360,Babeliae,0.0
k5,d360,Bacilli,0.012542962386918157
k5,d360,Bacteroidia,0.0010302546672206075
k5,d360,Bdellovibrionia_A_470743,0.00041213742775544324
k5,d360,Binatia,0.029380932739228274
k5,d360,Blastocatellia,0.00015073861923424781
k5,d360,Brocadiae,0.0
k5,d360,Chlamydiia,0.0
k5,d360,Chloroflexia,0.007916875268329947
k5,d360,Chthonomonadetes,0.0
k5,d360,Clostridia_258483,0.001220578284177337
k5,d360,Cyanobacteriia,0.0
k5,d360,Dehalococcoidia,0.002082187360491086
k5,d360,Desulfitobacteriia,0.0
k5,d360,Desulfuromonadia,0.0
k5,d360,Dormibacteria,0.0
k5,d360,Doudnabacteria,0.0
k5,d360,Elusimicrobia_984204,0.0
k5,d360,Elusimicrobia_984208,0.0
k5,d360,Eremiobacteria,0.0010003702006213088
k5,d360,FAC87,0.0
k5,d360,Gammaproteobacteria,0.08956014232554015
k5,d360,Gemmatimonadetes,0.016357015399043218
k5,d360,Holophagae,0.0
k5,d360,Ktedonobacteria,0.06600763999653139
k5,d360,Limnocylindria,0.004554340690462926
k5,d360,Methylomirabilia,5.024620641141594e-05
k5,d360,Microgenomatia,0.0
k5,d360,Myxococcia,0.0020211021410547346
k5,d360,Negativicutes,0.0
k5,d360,Nitrospiria,0.0
k5,d360,Paceibacteria,0.0
k5,d360,Phycisphaerae,0.002473811430982296
k5,d360,Planctomycetia,0.02081749057687394
k5,d360,Polyangia_437813,0.0
k5,d360,Polyangia_463783,0.010726260517214344
k5,d360,RBG-16-71-46,0.0
k5,d360,Saccharimonadia,0.004174364693110287
k5,d360,Thermoanaerobaculia,0.0009704857340220099
k5,d360,Thermoleophilia,0.018682806233051817
k5,d360,UBA1135,0.0
k5,d360,UBA4151,0.0
k5,d360,UBA4738_401450,9.143693137658299e-05
k5,d360,UBA6911,0.0
k5,d360,UBA796,0.0
k5,d360,UBA8108,0.0
k5,d360,Unclassified,0.005264566097865493
k5,d360,Vampirovibrionia,0.000274310794129749
k5,d360,Verrucomicrobiae,0.003075311798128718
k5,d360,Vicinamibacteria,0.0007412221690197327
k5,d360,Xenobia,0.0
k5,d90,ABY1,0.0
k5,d90,Abditibacteria,0.0
k5,d90,Acidimicrobiia_401430,0.010991365131508168
k5,d90,Acidobacteriae,0.2851766816630393
k5,d90,Actinomycetia,0.0973826474198911
k5,d90,Alphaproteobacteria,0.11571587206585504
k5,d90,Anaerolineae,0.0012959610768133103
k5,d90,Armatimonadia,5.677431075986738e-05
k5,d90,Babeliae,0.0
k5,d90,Bacilli,0.004128310766196848
k5,d90,Bacteroidia,0.005358861302558196
k5,d90,Bdellovibrionia_A_470743,0.0005873835676497696
k5,d90,Binatia,0.007986533827094099
k5,d90,Blastocatellia,0.0055746371831911015
k5,d90,Brocadiae,0.0
k5,d90,Chlamydiia,2.270972430394695e-05
k5,d90,Chloroflexia,0.0010509746982202716
k5,d90,Chthonomonadetes,0.0
k5,d90,Clostridia_258483,0.0025076749264364207
k5,d90,Cyanobacteriia,5.677431075986738e-05
k5,d90,Dehalococcoidia,0.0003243713738672784
k5,d90,Desulfitobacteriia,0.0
k5,d90,Desulfuromonadia,5.025098055222096e-05
k5,d90,Dormibacteria,0.0007816488671667942
k5,d90,Doudnabacteria,0.00017794569572217843
k5,d90,Elusimicrobia_984204,0.0005886503804922159
k5,d90,Elusimicrobia_984208,9.567042916011485e-05
k5,d90,Eremiobacteria,0.0028648528875009085
k5,d90,FAC87,0.0
k5,d90,Gammaproteobacteria,0.2974271903863905
k5,d90,Gemmatimonadetes,0.025394662592166852
k5,d90,Holophagae,1.3125943427183828e-05
k5,d90,Ktedonobacteria,0.013743691677322594
k5,d90,Limnocylindria,0.008137116175107062
k5,d90,Methylomirabilia,0.002112581227738202
k5,d90,Microgenomatia,0.0
k5,d90,Myxococcia,0.002338505354078403
k5,d90,Negativicutes,0.0
k5,d90,Nitrospiria,3.508473667895932e-05
k5,d90,Paceibacteria,0.0
k5,d90,Phycisphaerae,0.00131094619811133
k5,d90,Planctomycetia,0.01968690638257067
k5,d90,Polyangia_437813,0.0002001737081448214
k5,d90,Polyangia_463783,0.004155628586540736
k5,d90,RBG-16-71-46,0.0010775722874836215
k5,d90,Saccharimonadia,0.0014632802848842266
k5,d90,Thermoanaerobaculia,0.008036643868790007
k5,d90,Thermoleophilia,0.053385852534163426
k5,d90,UBA1135,0.0
k5,d90,UBA4151,0.0
k5,d90,UBA4738_401450,0.0006096115800724127
k5,d90,UBA6911,0.0
k5,d90,UBA796,0.0
k5,d90,UBA8108,0.0
k5,d90,Unclassified,0.005447744111723787
k5,d90,Vampirovibrionia,0.0006580914793494231
k5,d90,Verrucomicrobiae,0.0033988006278145287
k5,d90,Vicinamibacteria,0.008590237668702275
k5,d90,Xenobia,0.0
