contamination_level,day_after_contamination,mean,std,min,max
k0,d180,8.652611034108007,0.0900002489973474,8.57745180660954,8.75234660260785
k0,d3,8.976091065581395,0.043344217626526765,8.926125827290473,9.003589121777209
k0,d360,8.276345538706764,0.13222357367943274,8.15724927212573,8.418628990340808
k0,d90,8.872144038822498,0.01173316598751204,8.861789702801438,8.884888107008313
k25,d180,5.9107051322527235,0.5019668677794578,5.600536803924706,6.489838164384768
k25,d3,8.914868048911332,0.0505122384637658,8.885278440613229,8.973192469934347
k25,d360,2.9475623508798563,0.31193447135342267,2.623240046798102,3.24542315923889
k25,d90,7.611508697868852,0.10349328900747141,7.536419679156256,7.72956463697999
k5,d180,6.583969918793915,0.23440179034715536,6.317902742034101,6.760019694897144
k5,d3,9.047932083659099,0.09461474075105772,8.960900967737448,9.148641503296366
k5,d360,6.799700656835129,0.11934559917229433,6.665975843691814,6.89540102110377
k5,d90,7.79354017242537,0.025403255544239875,7.77725353364205,7.822811303821641
