contamination_level,day_after_contamination,Axis1,Axis2,Axis3
k0,d180,-0.07110352524945833,0.07172409852752543,-0.05796506557984018
k0,d3,-0.1312076165015671,-0.11450435887399235,0.018987971220624927
k0,d360,-0.08697381186518566,0.08321546729298945,-0.056300522618346116
k0,d90,-0.09532850743723242,0.016128685589799675,-0.04298636508764444
k25,d180,0.16243195372261202,-0.06167931046161573,-0.0017588876384734336
k25,d3,-0.0977942410050383,-0.08125571703006894,0.01544959455431955
k25,d360,0.2684069296799872,-0.04892393686535884,-0.044134942954936175
k25,d90,0.04599051096941751,-0.005298051954734405,0.015760029180882207
k5,d180,0.10336076700450929,0.04434008142290783,0.04885704464851009
k5,d3,-0.10880706852864908,-0.10401102110559618,0.012160805120194294
k5,d360,-0.02125011607384208,0.1572038267594513,0.06863423146257469
k5,d90,0.03227472528444703,0.04306023669869274,0.02329610769213453
