PC	side	rank	gene	loading
PC1	positive	1	LYZ	0.22019889950752258
PC1	positive	2	CST3	0.21237029135227203
PC1	positive	3	S100A9	0.21087123453617096
PC1	positive	4	TYROBP	0.1990717202425003
PC1	positive	5	S100A8	0.17055992782115936
PC1	positive	6	LGALS1	0.16818587481975555
PC1	positive	7	AIF1	0.16619624197483063
PC1	positive	8	LST1	0.16562895476818085
PC1	positive	9	FCER1G	0.15624798834323883
PC1	positive	10	FCN1	0.1508776992559433
PC1	negative	1	LTB	-0.11282706260681152
PC1	negative	2	IL32	-0.10614349693059921
PC1	negative	3	MALAT1	-0.0672600045800209
PC1	negative	4	IL7R	-0.059417013078927994
PC1	negative	5	CCL5	-0.05105334892868996
PC1	negative	6	CD2	-0.04554363340139389
PC1	negative	7	CTSW	-0.04373506084084511
PC1	negative	8	STK17A	-0.03790631145238876
PC1	negative	9	ACAP1	-0.03631347417831421
PC1	negative	10	CD247	-0.03613857552409172
PC2	positive	1	HLA-DRA	0.2676381766796112
PC2	positive	2	CD74	0.20974336564540863
PC2	positive	3	HLA-DPB1	0.19769255816936493
PC2	positive	4	HLA-DRB1	0.19272562861442566
PC2	positive	5	CD79A	0.1836407631635666
PC2	positive	6	HLA-DPA1	0.1804867535829544
PC2	positive	7	HLA-DQA1	0.16916614770889282
PC2	positive	8	HLA-DQB1	0.16082410514354706
PC2	positive	9	CD79B	0.1579844206571579
PC2	positive	10	HLA-DRB5	0.14211976528167725
PC2	negative	1	NKG7	-0.21600285172462463
PC2	negative	2	S100A4	-0.1807813197374344
PC2	negative	3	CCL5	-0.1653454452753067
PC2	negative	4	IL32	-0.14460250735282898
PC2	negative	5	GNLY	-0.1344531923532486
PC2	negative	6	CTSW	-0.13423334062099457
PC2	negative	7	GZMA	-0.13409635424613953
PC2	negative	8	CST7	-0.13123784959316254
PC2	negative	9	SRGN	-0.12319764494895935
PC2	negative	10	ANXA1	-0.12007294595241547
