set	rank	gene	mean_raw_umi	variance_raw_umi	category
HVG	1	MALAT1	60.03673	1066.5703	other
HVG	2	TMSB4X	46.14029	883.34985	other
HVG	3	B2M	45.289223	659.1487	other
HVG	4	FTL	27.99943	2041.8865	other
HVG	5	FTH1	21.535463	1224.5205	other
HVG	6	ACTB	17.458569	334.39658	other
HVG	7	LYZ	10.408192	575.13934	other
HVG	8	CD74	8.579643	261.79315	other
HVG	9	S100A4	7.3431263	86.244446	other
HVG	10	MT-CO2	6.8886433	56.957253	mitochondrial
HVG	11	HLA-DRA	6.1512814	186.72392	HLA
HVG	12	S100A9	6.14633	284.16702	other
HVG	13	OAZ1	4.925751	36.572235	other
HVG	14	CST3	4.4715834	102.53825	other
HVG	15	S100A6	4.2316475	31.515976	other
HVG	16	LTB	3.965538	38.490223	other
HVG	17	SH3BGRL3	3.7763853	23.143631	other
HVG	18	VIM	3.7657692	23.55502	other
HVG	19	TYROBP	3.527301	45.772835	other
HVG	20	S100A8	3.1747596	79.307976	other
HVG	21	LGALS1	3.0121434	28.64643	other
HVG	22	COTL1	3.0106344	33.162525	other
HVG	23	HLA-DPB1	2.926478	55.410225	HLA
HVG	24	SAT1	2.7881138	30.27361	other
HVG	25	NKG7	2.6376097	52.33234	other
HVG	26	HLA-DPA1	2.6163907	38.05942	HLA
HVG	27	HLA-DRB1	2.5515685	35.243176	HLA
HVG	28	CD37	2.3101087	11.711852	other
HVG	29	IFITM2	2.3025227	14.666531	other
HVG	30	AIF1	2.288484	25.474428	other
HVG	31	ARPC1B	2.2649937	12.029314	other
HVG	32	LST1	2.2058449	28.214998	other
HVG	33	IL32	2.1084282	11.739446	other
HVG	34	UBB	2.0932758	10.742403	other
HVG	35	FCER1G	2.0712721	22.703827	other
HVG	36	CTSS	2.0610406	17.164167	other
HVG	37	CCL5	2.0197163	25.211164	other
HVG	38	S100A11	1.9696835	13.214292	other
HVG	39	SRGN	1.9128252	12.56841	other
HVG	40	S100A10	1.8821217	9.774856	other
HVG	41	PSAP	1.7342778	11.094874	other
HVG	42	GNLY	1.59932	46.184654	other
HVG	43	KLF6	1.5951629	7.3819304	other
HVG	44	ANXA1	1.5883368	10.668895	other
HVG	45	FCN1	1.5796099	15.410416	other
HVG	46	RBM3	1.3680954	7.5418406	other
HVG	47	GSTP1	1.339279	8.130076	other
HVG	48	GPX1	1.2972015	8.149669	other
HVG	49	EIF3H	1.28356	5.5329638	other
HVG	50	TYMP	1.2172136	6.960016	other
non-HVG	1	RPL10	33.017464	307.453	ribosomal
non-HVG	2	RPL13	28.774101	280.54352	ribosomal
non-HVG	3	RPL13A	28.644434	264.61163	ribosomal
non-HVG	4	RPS2	24.092089	222.75067	ribosomal
non-HVG	5	RPS6	23.292944	217.95892	ribosomal
non-HVG	6	RPS18	20.60949	166.66806	ribosomal
non-HVG	7	RPL11	19.28579	128.37753	ribosomal
non-HVG	8	RPL32	19.239534	122.02701	ribosomal
non-HVG	9	RPS3	19.01359	146.74887	ribosomal
non-HVG	10	RPL19	18.272491	149.70004	ribosomal
non-HVG	11	RPS12	18.013966	136.76752	ribosomal
non-HVG	12	RPLP1	17.643255	114.68042	ribosomal
non-HVG	13	RPL3	17.577642	135.74695	ribosomal
non-HVG	14	RPS27	16.841135	92.90393	ribosomal
non-HVG	15	RPS19	16.332808	116.43292	ribosomal
non-HVG	16	RPS14	16.178864	94.542725	ribosomal
non-HVG	17	EEF1A1	15.662937	87.38565	other
non-HVG	18	RPL18A	15.295253	89.129425	ribosomal
non-HVG	19	RPL28	14.366899	71.14679	ribosomal
non-HVG	20	MT-CO1	14.340351	114.99205	mitochondrial
non-HVG	21	RPS4X	13.850218	88.15614	ribosomal
non-HVG	22	TMSB10	13.690244	93.237564	other
non-HVG	23	RPLP2	13.286541	59.977905	ribosomal
non-HVG	24	RPL21	13.078416	67.36696	ribosomal
non-HVG	25	RPL15	13.001872	62.981766	ribosomal
non-HVG	26	RPS3A	12.854374	88.44034	ribosomal
non-HVG	27	RPS15A	12.352129	62.663834	ribosomal
non-HVG	28	RPL23A	12.151607	54.58702	ribosomal
non-HVG	29	RPS27A	11.720592	82.4467	ribosomal
non-HVG	30	RPL12	11.622425	63.275436	ribosomal
non-HVG	31	RPL27A	11.594373	50.14781	ribosomal
non-HVG	32	RPL6	11.146316	48.95356	ribosomal
non-HVG	33	RPS8	10.844205	60.877586	ribosomal
non-HVG	34	RPL26	10.165686	35.948418	ribosomal
non-HVG	35	TPT1	10.134603	68.0651	other
non-HVG	36	RPS15	10.007239	33.22606	ribosomal
non-HVG	37	RPL14	9.916625	46.82798	ribosomal
non-HVG	38	RPL10A	9.606932	62.440643	ribosomal
non-HVG	39	RPL9	9.550072	45.639053	ribosomal
non-HVG	40	RPS7	9.52241	45.130157	ribosomal
non-HVG	41	RPL8	9.393538	55.402855	ribosomal
non-HVG	42	RPS9	9.310512	51.10492	ribosomal
non-HVG	43	RPS16	9.260095	44.259605	ribosomal
non-HVG	44	RPL29	9.131224	39.600204	ribosomal
non-HVG	45	RPS5	9.1293335	59.989883	ribosomal
non-HVG	46	RPS23	9.110376	37.182495	ribosomal
non-HVG	47	RPL30	8.831769	34.730667	ribosomal
non-HVG	48	RPL7	8.76921	39.587875	ribosomal
non-HVG	49	RPL18	8.611158	44.928925	ribosomal
non-HVG	50	PTMA	8.437933	30.579979	other
